{
    "available_space": true,
    "id": "j1",
    "size_max": 28.27969741821289,
    "size_mean": 9.853180426138419,
    "size_min": 0.28125,
    "total_size": 532.0717430114746
}