{
    "available_space": false,
    "id": "j1",
    "size_max": 28.27969741821289,
    "size_mean": 9.249451625347138,
    "size_min": 0.28125,
    "total_size": 1479.912260055542
}